RQ_No,candidate_tools_implement,candidate_tools_eval
1,adversarial-robustness-toolbox; ai-explainability-360; circuit-breakers; evidently; guardrailsai; mot; nemo-guardrails; pku-beaver; repe; trustyai; vgel-repeng,adversarial-robustness-toolbox; ai-explainability-360; aisev; amazon-sagemaker-clarify; compl-ai; decodingtrust; garak; mot; pair-code-lit; project-moonshot; trustllm; trustyai; what-if-tool
2,evidently; trustyai,aisev; trustllm; trustyai
3,evidently; trustyai,aisev; trustllm; trustyai
4,adversarial-robustness-toolbox; ai-explainability-360; circuit-breakers; data-prep-kit; evidently; guardrailsai; mot; nemo-guardrails; pku-beaver; repe; trustyai; vgel-repeng,adversarial-robustness-toolbox; aequitas; ai-explainability-360; aisev; amazon-sagemaker-clarify; compl-ai; data-prep-kit; decodingtrust; fairlearn; garak; mot; pair-code-lit; project-moonshot; trustllm; trustyai; what-if-tool
5,adversarial-robustness-toolbox; ai-explainability-360; circuit-breakers; evidently; guardrailsai; mot; nemo-guardrails; pku-beaver; repe; trustyai; vgel-repeng,adversarial-robustness-toolbox; ai-explainability-360; aisev; amazon-sagemaker-clarify; compl-ai; decodingtrust; garak; mot; pair-code-lit; project-moonshot; trustllm; trustyai; what-if-tool
6,adversarial-robustness-toolbox; ai-explainability-360; circuit-breakers; evidently; guardrailsai; mot; nemo-guardrails; pku-beaver; repe; trustyai; vgel-repeng,adversarial-robustness-toolbox; ai-explainability-360; aisev; amazon-sagemaker-clarify; compl-ai; decodingtrust; garak; mot; pair-code-lit; project-moonshot; trustllm; trustyai; what-if-tool
7,evidently; trustyai,aisev; trustllm; trustyai
8,ai-explainability-360; evidently; mot; repe; trustyai; vgel-repeng,ai-explainability-360; aisev; amazon-sagemaker-clarify; compl-ai; mot; pair-code-lit; project-moonshot; trustllm; trustyai; what-if-tool
9,ai-explainability-360; aif360; data-prep-kit; evidently; fairlearn; mot; repe; trustyai; vgel-repeng,aequitas; ai-explainability-360; aif360; aisev; amazon-sagemaker-clarify; compl-ai; data-prep-kit; decodingtrust; fairlearn; inspect; mot; pair-code-lit; project-moonshot; trustllm; trustyai; what-if-tool
10,trustyai,aisev; trustllm; trustyai
11,adversarial-robustness-toolbox; circuit-breakers; guardrailsai; nemo-guardrails; pku-beaver; trustyai,adversarial-robustness-toolbox; aisev; compl-ai; decodingtrust; garak; pair-code-lit; project-moonshot; trustllm; trustyai
12,data-prep-kit; guardrailsai; nemo-guardrails; presidio; trustyai,adversarial-robustness-toolbox; aisev; compl-ai; data-prep-kit; decodingtrust; garak; inspect; ml-privacy-meter; project-moonshot; trustyai
13,trustyai,aisev; trustllm; trustyai
14,evidently; trustyai,codecarbon; mct-model-optimization; neural-compressor; trustyai
15,,codecarbon; mct-model-optimization; neural-compressor
16,ai-explainability-360; evidently; mot; repe; trustyai; vgel-repeng,ai-explainability-360; aisev; amazon-sagemaker-clarify; compl-ai; mot; pair-code-lit; project-moonshot; trustllm; trustyai; what-if-tool
17,ai-explainability-360; data-prep-kit; evidently; guardrailsai; mot; nemo-guardrails; presidio; repe; trustyai; vgel-repeng,adversarial-robustness-toolbox; ai-explainability-360; aisev; amazon-sagemaker-clarify; compl-ai; data-prep-kit; decodingtrust; garak; inspect; ml-privacy-meter; mot; pair-code-lit; project-moonshot; trustllm; trustyai; what-if-tool
18,adversarial-robustness-toolbox; ai-explainability-360; circuit-breakers; evidently; guardrailsai; mot; nemo-guardrails; pku-beaver; repe; trustyai; vgel-repeng,adversarial-robustness-toolbox; ai-explainability-360; aisev; amazon-sagemaker-clarify; codecarbon; compl-ai; decodingtrust; garak; mct-model-optimization; mot; neural-compressor; pair-code-lit; project-moonshot; trustllm; trustyai; what-if-tool
19,ai-explainability-360; evidently; mot; repe; trustyai; vgel-repeng,ai-explainability-360; aisev; amazon-sagemaker-clarify; compl-ai; mot; pair-code-lit; project-moonshot; trustllm; trustyai; what-if-tool
20,adversarial-robustness-toolbox; circuit-breakers; guardrailsai; nemo-guardrails; pku-beaver; trustyai,adversarial-robustness-toolbox; aisev; compl-ai; decodingtrust; garak; pair-code-lit; project-moonshot; trustllm; trustyai
21,ai-explainability-360; evidently; mot; repe; trustyai; vgel-repeng,ai-explainability-360; aisev; amazon-sagemaker-clarify; compl-ai; mot; pair-code-lit; project-moonshot; trustllm; trustyai; what-if-tool
23,ai-explainability-360; evidently; mot; repe; trustyai; vgel-repeng,ai-explainability-360; aisev; amazon-sagemaker-clarify; compl-ai; mot; pair-code-lit; project-moonshot; trustllm; trustyai; what-if-tool
24,ai-explainability-360; evidently; mot; repe; trustyai; vgel-repeng,ai-explainability-360; aisev; amazon-sagemaker-clarify; compl-ai; mot; pair-code-lit; project-moonshot; trustllm; trustyai; what-if-tool
26,data-prep-kit; trustyai,aequitas; aisev; data-prep-kit; fairlearn; project-moonshot; trustllm; trustyai; what-if-tool
28,,codecarbon; mct-model-optimization; neural-compressor
29,ai-explainability-360; data-prep-kit; evidently; guardrailsai; mot; nemo-guardrails; presidio; repe; trustyai; vgel-repeng,adversarial-robustness-toolbox; aequitas; ai-explainability-360; aisev; amazon-sagemaker-clarify; compl-ai; data-prep-kit; decodingtrust; fairlearn; garak; inspect; ml-privacy-meter; mot; pair-code-lit; project-moonshot; trustllm; trustyai; what-if-tool
30,data-prep-kit; guardrailsai; nemo-guardrails; presidio; trustyai,adversarial-robustness-toolbox; aequitas; aisev; compl-ai; data-prep-kit; decodingtrust; fairlearn; garak; inspect; ml-privacy-meter; project-moonshot; trustllm; trustyai; what-if-tool
31,adversarial-robustness-toolbox; circuit-breakers; guardrailsai; nemo-guardrails; pku-beaver; trustyai,adversarial-robustness-toolbox; aisev; compl-ai; decodingtrust; garak; pair-code-lit; project-moonshot; trustllm; trustyai
32,ai-explainability-360; data-prep-kit; evidently; guardrailsai; mot; nemo-guardrails; presidio; repe; trustyai; vgel-repeng,adversarial-robustness-toolbox; ai-explainability-360; aisev; amazon-sagemaker-clarify; compl-ai; data-prep-kit; decodingtrust; garak; inspect; ml-privacy-meter; mot; pair-code-lit; project-moonshot; trustllm; trustyai; what-if-tool
33,aif360; data-prep-kit; fairlearn,aequitas; aif360; aisev; amazon-sagemaker-clarify; codecarbon; compl-ai; data-prep-kit; decodingtrust; fairlearn; inspect; mct-model-optimization; neural-compressor; pair-code-lit; project-moonshot; trustyai; what-if-tool
34,,codecarbon; mct-model-optimization; neural-compressor
35,,codecarbon; mct-model-optimization; neural-compressor
36,ai-explainability-360; data-prep-kit; evidently; mot; repe; trustyai; vgel-repeng,aequitas; ai-explainability-360; aisev; amazon-sagemaker-clarify; compl-ai; data-prep-kit; fairlearn; mot; pair-code-lit; project-moonshot; trustllm; trustyai; what-if-tool
37,data-prep-kit; trustyai,aequitas; aisev; data-prep-kit; fairlearn; project-moonshot; trustllm; trustyai; what-if-tool
38,data-prep-kit; trustyai,aequitas; aisev; data-prep-kit; fairlearn; project-moonshot; trustllm; trustyai; what-if-tool
39,adversarial-robustness-toolbox; ai-explainability-360; circuit-breakers; data-prep-kit; evidently; guardrailsai; mot; nemo-guardrails; pku-beaver; repe; trustyai; vgel-repeng,adversarial-robustness-toolbox; aequitas; ai-explainability-360; aisev; amazon-sagemaker-clarify; compl-ai; data-prep-kit; decodingtrust; fairlearn; garak; mot; pair-code-lit; project-moonshot; trustllm; trustyai; what-if-tool
40,data-prep-kit; guardrailsai; nemo-guardrails; presidio; trustyai,adversarial-robustness-toolbox; aisev; compl-ai; data-prep-kit; decodingtrust; garak; inspect; ml-privacy-meter; project-moonshot; trustyai
41,circuit-breakers; data-prep-kit; evidently; memalign; pku-beaver; trustyai,aequitas; aisev; compl-ai; data-prep-kit; decodingtrust; fairlearn; heartbench; inspect; project-moonshot; trustllm; trustyai; what-if-tool
42,data-prep-kit; guardrailsai; nemo-guardrails; presidio; trustyai,adversarial-robustness-toolbox; aisev; compl-ai; data-prep-kit; decodingtrust; garak; inspect; ml-privacy-meter; project-moonshot; trustyai
43,circuit-breakers; data-prep-kit; guardrailsai; memalign; nemo-guardrails; pku-beaver; presidio; trustyai,adversarial-robustness-toolbox; aisev; compl-ai; data-prep-kit; decodingtrust; garak; heartbench; inspect; ml-privacy-meter; project-moonshot; trustllm; trustyai
44,data-prep-kit; guardrailsai; nemo-guardrails; presidio; trustyai,adversarial-robustness-toolbox; aisev; compl-ai; data-prep-kit; decodingtrust; garak; inspect; ml-privacy-meter; project-moonshot; trustyai
45,data-prep-kit; guardrailsai; nemo-guardrails; presidio; trustyai,adversarial-robustness-toolbox; aisev; compl-ai; data-prep-kit; decodingtrust; garak; inspect; ml-privacy-meter; project-moonshot; trustyai
46,adversarial-robustness-toolbox; circuit-breakers; guardrailsai; nemo-guardrails; pku-beaver; trustyai,adversarial-robustness-toolbox; aisev; compl-ai; decodingtrust; garak; pair-code-lit; project-moonshot; trustllm; trustyai
47,data-prep-kit; guardrailsai; nemo-guardrails; presidio; trustyai,adversarial-robustness-toolbox; aisev; compl-ai; data-prep-kit; decodingtrust; garak; inspect; ml-privacy-meter; project-moonshot; trustyai
49,adversarial-robustness-toolbox; circuit-breakers; guardrailsai; nemo-guardrails; pku-beaver; trustyai,adversarial-robustness-toolbox; aisev; compl-ai; decodingtrust; garak; pair-code-lit; project-moonshot; trustllm; trustyai
50,adversarial-robustness-toolbox; circuit-breakers; guardrailsai; nemo-guardrails; pku-beaver; trustyai,adversarial-robustness-toolbox; aisev; codecarbon; compl-ai; decodingtrust; garak; mct-model-optimization; neural-compressor; pair-code-lit; project-moonshot; trustllm; trustyai
51,,codecarbon; mct-model-optimization; neural-compressor
52,,codecarbon; mct-model-optimization; neural-compressor
53,,codecarbon; mct-model-optimization; neural-compressor
54,data-prep-kit; trustyai,aequitas; aisev; data-prep-kit; fairlearn; project-moonshot; trustllm; trustyai; what-if-tool
55,adversarial-robustness-toolbox; circuit-breakers; evidently; guardrailsai; nemo-guardrails; pku-beaver; trustyai,adversarial-robustness-toolbox; aisev; compl-ai; decodingtrust; garak; pair-code-lit; project-moonshot; trustllm; trustyai
57,evidently; trustyai,trustyai
58,adversarial-robustness-toolbox; circuit-breakers; guardrailsai; nemo-guardrails; pku-beaver; trustyai,adversarial-robustness-toolbox; aisev; compl-ai; decodingtrust; garak; pair-code-lit; project-moonshot; trustllm; trustyai
59,ai-explainability-360; circuit-breakers; evidently; memalign; mot; pku-beaver; repe; trustyai; vgel-repeng,ai-explainability-360; aisev; amazon-sagemaker-clarify; compl-ai; decodingtrust; heartbench; inspect; mot; pair-code-lit; project-moonshot; trustllm; trustyai; what-if-tool
62,evidently; trustyai,aisev; trustllm; trustyai
63,ai-explainability-360; evidently; mot; repe; trustyai; vgel-repeng,ai-explainability-360; aisev; amazon-sagemaker-clarify; compl-ai; mot; pair-code-lit; project-moonshot; trustllm; trustyai; what-if-tool
64,adversarial-robustness-toolbox; ai-explainability-360; circuit-breakers; evidently; guardrailsai; mot; nemo-guardrails; pku-beaver; repe; trustyai; vgel-repeng,adversarial-robustness-toolbox; ai-explainability-360; aisev; amazon-sagemaker-clarify; compl-ai; decodingtrust; garak; mot; pair-code-lit; project-moonshot; trustllm; trustyai; what-if-tool
65,adversarial-robustness-toolbox; circuit-breakers; guardrailsai; nemo-guardrails; pku-beaver; trustyai,adversarial-robustness-toolbox; aisev; compl-ai; decodingtrust; garak; pair-code-lit; project-moonshot; trustllm; trustyai
66,data-prep-kit; guardrailsai; nemo-guardrails; presidio; trustyai,adversarial-robustness-toolbox; aisev; compl-ai; data-prep-kit; decodingtrust; garak; inspect; ml-privacy-meter; project-moonshot; trustyai
67,adversarial-robustness-toolbox; ai-explainability-360; circuit-breakers; evidently; guardrailsai; mot; nemo-guardrails; pku-beaver; repe; trustyai; vgel-repeng,adversarial-robustness-toolbox; ai-explainability-360; aisev; amazon-sagemaker-clarify; compl-ai; decodingtrust; garak; mot; pair-code-lit; project-moonshot; trustllm; trustyai; what-if-tool
68,ai-explainability-360; evidently; mot; repe; trustyai; vgel-repeng,ai-explainability-360; aisev; amazon-sagemaker-clarify; compl-ai; mot; pair-code-lit; project-moonshot; trustllm; trustyai; what-if-tool
69,adversarial-robustness-toolbox; ai-explainability-360; circuit-breakers; evidently; guardrailsai; mot; nemo-guardrails; pku-beaver; repe; trustyai; vgel-repeng,adversarial-robustness-toolbox; ai-explainability-360; aisev; amazon-sagemaker-clarify; compl-ai; decodingtrust; garak; mot; pair-code-lit; project-moonshot; trustllm; trustyai; what-if-tool
70,adversarial-robustness-toolbox; circuit-breakers; guardrailsai; nemo-guardrails; pku-beaver; trustyai,adversarial-robustness-toolbox; aisev; compl-ai; decodingtrust; garak; pair-code-lit; project-moonshot; trustllm; trustyai
71,adversarial-robustness-toolbox; circuit-breakers; data-prep-kit; evidently; guardrailsai; nemo-guardrails; pku-beaver; presidio; trustyai,adversarial-robustness-toolbox; aisev; codecarbon; compl-ai; data-prep-kit; decodingtrust; garak; inspect; mct-model-optimization; ml-privacy-meter; neural-compressor; pair-code-lit; project-moonshot; trustllm; trustyai
72,evidently; trustyai,aisev; trustllm; trustyai
73,adversarial-robustness-toolbox; circuit-breakers; evidently; guardrailsai; nemo-guardrails; pku-beaver; trustyai,adversarial-robustness-toolbox; aisev; compl-ai; decodingtrust; garak; pair-code-lit; project-moonshot; trustllm; trustyai
74,data-prep-kit; guardrailsai; nemo-guardrails; presidio; trustyai,adversarial-robustness-toolbox; aisev; codecarbon; compl-ai; data-prep-kit; decodingtrust; garak; inspect; mct-model-optimization; ml-privacy-meter; neural-compressor; project-moonshot; trustyai
76,data-prep-kit; guardrailsai; nemo-guardrails; presidio; trustyai,adversarial-robustness-toolbox; aisev; compl-ai; data-prep-kit; decodingtrust; garak; inspect; ml-privacy-meter; project-moonshot; trustyai
80,adversarial-robustness-toolbox; ai-explainability-360; circuit-breakers; data-prep-kit; evidently; guardrailsai; mot; nemo-guardrails; pku-beaver; presidio; repe; trustyai; vgel-repeng,adversarial-robustness-toolbox; ai-explainability-360; aisev; amazon-sagemaker-clarify; compl-ai; data-prep-kit; decodingtrust; garak; inspect; ml-privacy-meter; mot; pair-code-lit; project-moonshot; trustllm; trustyai; what-if-tool
81,adversarial-robustness-toolbox; circuit-breakers; guardrailsai; nemo-guardrails; pku-beaver; trustyai,adversarial-robustness-toolbox; aisev; compl-ai; decodingtrust; garak; pair-code-lit; project-moonshot; trustllm; trustyai
82,evidently; trustyai,trustyai
83,ai-explainability-360; evidently; mot; repe; trustyai; vgel-repeng,ai-explainability-360; aisev; amazon-sagemaker-clarify; compl-ai; mot; pair-code-lit; project-moonshot; trustllm; trustyai; what-if-tool
86,adversarial-robustness-toolbox; ai-explainability-360; circuit-breakers; evidently; guardrailsai; mot; nemo-guardrails; pku-beaver; repe; trustyai; vgel-repeng,adversarial-robustness-toolbox; ai-explainability-360; aisev; amazon-sagemaker-clarify; compl-ai; decodingtrust; garak; mot; pair-code-lit; project-moonshot; trustllm; trustyai; what-if-tool
87,adversarial-robustness-toolbox; ai-explainability-360; circuit-breakers; evidently; guardrailsai; mot; nemo-guardrails; pku-beaver; repe; trustyai; vgel-repeng,adversarial-robustness-toolbox; ai-explainability-360; aisev; amazon-sagemaker-clarify; compl-ai; decodingtrust; garak; mot; pair-code-lit; project-moonshot; trustllm; trustyai; what-if-tool
88,adversarial-robustness-toolbox; circuit-breakers; guardrailsai; nemo-guardrails; pku-beaver; trustyai,adversarial-robustness-toolbox; aisev; compl-ai; decodingtrust; garak; pair-code-lit; project-moonshot; trustllm; trustyai
89,adversarial-robustness-toolbox; ai-explainability-360; circuit-breakers; evidently; guardrailsai; mot; nemo-guardrails; pku-beaver; repe; trustyai; vgel-repeng,adversarial-robustness-toolbox; ai-explainability-360; aisev; amazon-sagemaker-clarify; compl-ai; decodingtrust; garak; mot; pair-code-lit; project-moonshot; trustllm; trustyai; what-if-tool
90,evidently; trustyai,trustyai
91,adversarial-robustness-toolbox; circuit-breakers; guardrailsai; nemo-guardrails; pku-beaver; trustyai,adversarial-robustness-toolbox; aisev; compl-ai; decodingtrust; garak; pair-code-lit; project-moonshot; trustllm; trustyai
92,adversarial-robustness-toolbox; ai-explainability-360; circuit-breakers; evidently; guardrailsai; mot; nemo-guardrails; pku-beaver; repe; trustyai; vgel-repeng,adversarial-robustness-toolbox; ai-explainability-360; aisev; amazon-sagemaker-clarify; compl-ai; decodingtrust; garak; mot; pair-code-lit; project-moonshot; trustllm; trustyai; what-if-tool
93,ai-explainability-360; evidently; mot; repe; trustyai; vgel-repeng,ai-explainability-360; aisev; amazon-sagemaker-clarify; compl-ai; mot; pair-code-lit; project-moonshot; trustllm; trustyai; what-if-tool
94,adversarial-robustness-toolbox; circuit-breakers; guardrailsai; nemo-guardrails; pku-beaver; trustyai,adversarial-robustness-toolbox; aisev; compl-ai; decodingtrust; garak; pair-code-lit; project-moonshot; trustllm; trustyai
97,,codecarbon; mct-model-optimization; neural-compressor
98,,codecarbon; mct-model-optimization; neural-compressor
