RQ_No,tool_id,role,shared_term
1,adversarial-robustness-toolbox,eval,rgaf-safe
1,adversarial-robustness-toolbox,implement,rgaf-safe
1,ai-explainability-360,eval,rgaf-transparent
1,ai-explainability-360,implement,rgaf-transparent
1,aisev,eval,rgaf-safe
1,aisev,eval,rgaf-transparent
1,amazon-sagemaker-clarify,eval,rgaf-transparent
1,circuit-breakers,implement,rgaf-safe
1,compl-ai,eval,rgaf-safe
1,compl-ai,eval,rgaf-transparent
1,decodingtrust,eval,rgaf-safe
1,evidently,implement,rgaf-transparent
1,garak,eval,rgaf-safe
1,guardrailsai,implement,rgaf-safe
1,mot,eval,rgaf-transparent
1,mot,implement,rgaf-transparent
1,nemo-guardrails,implement,rgaf-safe
1,pair-code-lit,eval,rgaf-safe
1,pair-code-lit,eval,rgaf-transparent
1,pku-beaver,implement,rgaf-safe
1,project-moonshot,eval,rgaf-safe
1,project-moonshot,eval,rgaf-transparent
1,repe,implement,rgaf-transparent
1,trustllm,eval,rgaf-safe
1,trustllm,eval,rgaf-transparent
1,trustyai,eval,rgaf-safe
1,trustyai,eval,rgaf-transparent
1,trustyai,implement,rgaf-safe
1,trustyai,implement,rgaf-transparent
1,vgel-repeng,implement,rgaf-transparent
1,what-if-tool,eval,rgaf-transparent
2,aisev,eval,rgaf-compliant
2,evidently,implement,rgaf-accountable
2,trustllm,eval,rgaf-compliant
2,trustyai,eval,rgaf-accountable
2,trustyai,eval,rgaf-compliant
2,trustyai,implement,rgaf-accountable
2,trustyai,implement,rgaf-compliant
3,aisev,eval,rgaf-compliant
3,evidently,implement,rgaf-accountable
3,trustllm,eval,rgaf-compliant
3,trustyai,eval,rgaf-accountable
3,trustyai,eval,rgaf-compliant
3,trustyai,implement,rgaf-accountable
3,trustyai,implement,rgaf-compliant
4,adversarial-robustness-toolbox,eval,rgaf-safe
4,adversarial-robustness-toolbox,implement,rgaf-safe
4,aequitas,eval,rgaf-accessible
4,ai-explainability-360,eval,rgaf-transparent
4,ai-explainability-360,implement,rgaf-transparent
4,aisev,eval,rgaf-accessible
4,aisev,eval,rgaf-safe
4,aisev,eval,rgaf-transparent
4,amazon-sagemaker-clarify,eval,rgaf-transparent
4,circuit-breakers,implement,rgaf-safe
4,compl-ai,eval,rgaf-safe
4,compl-ai,eval,rgaf-transparent
4,data-prep-kit,eval,rgaf-accessible
4,data-prep-kit,implement,rgaf-accessible
4,decodingtrust,eval,rgaf-safe
4,evidently,implement,rgaf-transparent
4,fairlearn,eval,rgaf-accessible
4,garak,eval,rgaf-safe
4,guardrailsai,implement,rgaf-safe
4,mot,eval,rgaf-transparent
4,mot,implement,rgaf-transparent
4,nemo-guardrails,implement,rgaf-safe
4,pair-code-lit,eval,rgaf-safe
4,pair-code-lit,eval,rgaf-transparent
4,pku-beaver,implement,rgaf-safe
4,project-moonshot,eval,rgaf-accessible
4,project-moonshot,eval,rgaf-safe
4,project-moonshot,eval,rgaf-transparent
4,repe,implement,rgaf-transparent
4,trustllm,eval,rgaf-accessible
4,trustllm,eval,rgaf-safe
4,trustllm,eval,rgaf-transparent
4,trustyai,eval,rgaf-accessible
4,trustyai,eval,rgaf-safe
4,trustyai,eval,rgaf-transparent
4,trustyai,implement,rgaf-accessible
4,trustyai,implement,rgaf-safe
4,trustyai,implement,rgaf-transparent
4,vgel-repeng,implement,rgaf-transparent
4,what-if-tool,eval,rgaf-accessible
4,what-if-tool,eval,rgaf-transparent
5,adversarial-robustness-toolbox,eval,rgaf-safe
5,adversarial-robustness-toolbox,implement,rgaf-safe
5,ai-explainability-360,eval,rgaf-transparent
5,ai-explainability-360,implement,rgaf-transparent
5,aisev,eval,rgaf-safe
5,aisev,eval,rgaf-transparent
5,amazon-sagemaker-clarify,eval,rgaf-transparent
5,circuit-breakers,implement,rgaf-safe
5,compl-ai,eval,rgaf-safe
5,compl-ai,eval,rgaf-transparent
5,decodingtrust,eval,rgaf-safe
5,evidently,implement,rgaf-transparent
5,garak,eval,rgaf-safe
5,guardrailsai,implement,rgaf-safe
5,mot,eval,rgaf-transparent
5,mot,implement,rgaf-transparent
5,nemo-guardrails,implement,rgaf-safe
5,pair-code-lit,eval,rgaf-safe
5,pair-code-lit,eval,rgaf-transparent
5,pku-beaver,implement,rgaf-safe
5,project-moonshot,eval,rgaf-safe
5,project-moonshot,eval,rgaf-transparent
5,repe,implement,rgaf-transparent
5,trustllm,eval,rgaf-safe
5,trustllm,eval,rgaf-transparent
5,trustyai,eval,rgaf-safe
5,trustyai,eval,rgaf-transparent
5,trustyai,implement,rgaf-safe
5,trustyai,implement,rgaf-transparent
5,vgel-repeng,implement,rgaf-transparent
5,what-if-tool,eval,rgaf-transparent
6,adversarial-robustness-toolbox,eval,rgaf-safe
6,adversarial-robustness-toolbox,implement,rgaf-safe
6,ai-explainability-360,eval,rgaf-transparent
6,ai-explainability-360,implement,rgaf-transparent
6,aisev,eval,rgaf-safe
6,aisev,eval,rgaf-transparent
6,amazon-sagemaker-clarify,eval,rgaf-transparent
6,circuit-breakers,implement,rgaf-safe
6,compl-ai,eval,rgaf-safe
6,compl-ai,eval,rgaf-transparent
6,decodingtrust,eval,rgaf-safe
6,evidently,implement,rgaf-transparent
6,garak,eval,rgaf-safe
6,guardrailsai,implement,rgaf-safe
6,mot,eval,rgaf-transparent
6,mot,implement,rgaf-transparent
6,nemo-guardrails,implement,rgaf-safe
6,pair-code-lit,eval,rgaf-safe
6,pair-code-lit,eval,rgaf-transparent
6,pku-beaver,implement,rgaf-safe
6,project-moonshot,eval,rgaf-safe
6,project-moonshot,eval,rgaf-transparent
6,repe,implement,rgaf-transparent
6,trustllm,eval,rgaf-safe
6,trustllm,eval,rgaf-transparent
6,trustyai,eval,rgaf-safe
6,trustyai,eval,rgaf-transparent
6,trustyai,implement,rgaf-safe
6,trustyai,implement,rgaf-transparent
6,vgel-repeng,implement,rgaf-transparent
6,what-if-tool,eval,rgaf-transparent
7,aisev,eval,rgaf-compliant
7,evidently,implement,rgaf-accountable
7,trustllm,eval,rgaf-compliant
7,trustyai,eval,rgaf-accountable
7,trustyai,eval,rgaf-compliant
7,trustyai,implement,rgaf-accountable
7,trustyai,implement,rgaf-compliant
8,ai-explainability-360,eval,rgaf-transparent
8,ai-explainability-360,implement,rgaf-transparent
8,aisev,eval,rgaf-transparent
8,amazon-sagemaker-clarify,eval,rgaf-transparent
8,compl-ai,eval,rgaf-transparent
8,evidently,implement,rgaf-transparent
8,mot,eval,rgaf-transparent
8,mot,implement,rgaf-transparent
8,pair-code-lit,eval,rgaf-transparent
8,project-moonshot,eval,rgaf-transparent
8,repe,implement,rgaf-transparent
8,trustllm,eval,rgaf-transparent
8,trustyai,eval,rgaf-transparent
8,trustyai,implement,rgaf-transparent
8,vgel-repeng,implement,rgaf-transparent
8,what-if-tool,eval,rgaf-transparent
9,aequitas,eval,rgaf-fair
9,ai-explainability-360,eval,rgaf-transparent
9,ai-explainability-360,implement,rgaf-transparent
9,aif360,eval,rgaf-fair
9,aif360,implement,rgaf-fair
9,aisev,eval,rgaf-fair
9,aisev,eval,rgaf-transparent
9,amazon-sagemaker-clarify,eval,rgaf-fair
9,amazon-sagemaker-clarify,eval,rgaf-transparent
9,compl-ai,eval,rgaf-fair
9,compl-ai,eval,rgaf-transparent
9,data-prep-kit,eval,rgaf-fair
9,data-prep-kit,implement,rgaf-fair
9,decodingtrust,eval,rgaf-fair
9,evidently,implement,rgaf-transparent
9,fairlearn,eval,rgaf-fair
9,fairlearn,implement,rgaf-fair
9,inspect,eval,rgaf-fair
9,mot,eval,rgaf-transparent
9,mot,implement,rgaf-transparent
9,pair-code-lit,eval,rgaf-fair
9,pair-code-lit,eval,rgaf-transparent
9,project-moonshot,eval,rgaf-fair
9,project-moonshot,eval,rgaf-transparent
9,repe,implement,rgaf-transparent
9,trustllm,eval,rgaf-transparent
9,trustyai,eval,rgaf-fair
9,trustyai,eval,rgaf-transparent
9,trustyai,implement,rgaf-transparent
9,vgel-repeng,implement,rgaf-transparent
9,what-if-tool,eval,rgaf-fair
9,what-if-tool,eval,rgaf-transparent
10,aisev,eval,rgaf-compliant
10,trustllm,eval,rgaf-compliant
10,trustyai,eval,rgaf-compliant
10,trustyai,implement,rgaf-compliant
11,adversarial-robustness-toolbox,eval,rgaf-safe
11,adversarial-robustness-toolbox,implement,rgaf-safe
11,aisev,eval,rgaf-safe
11,circuit-breakers,implement,rgaf-safe
11,compl-ai,eval,rgaf-safe
11,decodingtrust,eval,rgaf-safe
11,garak,eval,rgaf-safe
11,guardrailsai,implement,rgaf-safe
11,nemo-guardrails,implement,rgaf-safe
11,pair-code-lit,eval,rgaf-safe
11,pku-beaver,implement,rgaf-safe
11,project-moonshot,eval,rgaf-safe
11,trustllm,eval,rgaf-safe
11,trustyai,eval,rgaf-safe
11,trustyai,implement,rgaf-safe
12,adversarial-robustness-toolbox,eval,rgaf-secure
12,aisev,eval,rgaf-secure
12,compl-ai,eval,rgaf-secure
12,data-prep-kit,eval,rgaf-secure
12,data-prep-kit,implement,rgaf-secure
12,decodingtrust,eval,rgaf-secure
12,garak,eval,rgaf-secure
12,guardrailsai,implement,rgaf-secure
12,inspect,eval,rgaf-secure
12,ml-privacy-meter,eval,rgaf-secure
12,nemo-guardrails,implement,rgaf-secure
12,presidio,implement,rgaf-secure
12,project-moonshot,eval,rgaf-secure
12,trustyai,eval,rgaf-secure
12,trustyai,implement,rgaf-secure
13,aisev,eval,rgaf-compliant
13,trustllm,eval,rgaf-compliant
13,trustyai,eval,rgaf-compliant
13,trustyai,implement,rgaf-compliant
14,codecarbon,eval,rgaf-sustainable
14,evidently,implement,rgaf-accountable
14,mct-model-optimization,eval,rgaf-sustainable
14,neural-compressor,eval,rgaf-sustainable
14,trustyai,eval,rgaf-accountable
14,trustyai,implement,rgaf-accountable
15,codecarbon,eval,rgaf-sustainable
15,mct-model-optimization,eval,rgaf-sustainable
15,neural-compressor,eval,rgaf-sustainable
16,ai-explainability-360,eval,rgaf-transparent
16,ai-explainability-360,implement,rgaf-transparent
16,aisev,eval,rgaf-transparent
16,amazon-sagemaker-clarify,eval,rgaf-transparent
16,compl-ai,eval,rgaf-transparent
16,evidently,implement,rgaf-transparent
16,mot,eval,rgaf-transparent
16,mot,implement,rgaf-transparent
16,pair-code-lit,eval,rgaf-transparent
16,project-moonshot,eval,rgaf-transparent
16,repe,implement,rgaf-transparent
16,trustllm,eval,rgaf-transparent
16,trustyai,eval,rgaf-transparent
16,trustyai,implement,rgaf-transparent
16,vgel-repeng,implement,rgaf-transparent
16,what-if-tool,eval,rgaf-transparent
17,adversarial-robustness-toolbox,eval,rgaf-secure
17,ai-explainability-360,eval,rgaf-transparent
17,ai-explainability-360,implement,rgaf-transparent
17,aisev,eval,rgaf-secure
17,aisev,eval,rgaf-transparent
17,amazon-sagemaker-clarify,eval,rgaf-transparent
17,compl-ai,eval,rgaf-secure
17,compl-ai,eval,rgaf-transparent
17,data-prep-kit,eval,rgaf-secure
17,data-prep-kit,implement,rgaf-secure
17,decodingtrust,eval,rgaf-secure
17,evidently,implement,rgaf-transparent
17,garak,eval,rgaf-secure
17,guardrailsai,implement,rgaf-secure
17,inspect,eval,rgaf-secure
17,ml-privacy-meter,eval,rgaf-secure
17,mot,eval,rgaf-transparent
17,mot,implement,rgaf-transparent
17,nemo-guardrails,implement,rgaf-secure
17,pair-code-lit,eval,rgaf-transparent
17,presidio,implement,rgaf-secure
17,project-moonshot,eval,rgaf-secure
17,project-moonshot,eval,rgaf-transparent
17,repe,implement,rgaf-transparent
17,trustllm,eval,rgaf-transparent
17,trustyai,eval,rgaf-secure
17,trustyai,eval,rgaf-transparent
17,trustyai,implement,rgaf-secure
17,trustyai,implement,rgaf-transparent
17,vgel-repeng,implement,rgaf-transparent
17,what-if-tool,eval,rgaf-transparent
18,adversarial-robustness-toolbox,eval,rgaf-safe
18,adversarial-robustness-toolbox,implement,rgaf-safe
18,ai-explainability-360,eval,rgaf-transparent
18,ai-explainability-360,implement,rgaf-transparent
18,aisev,eval,rgaf-safe
18,aisev,eval,rgaf-transparent
18,amazon-sagemaker-clarify,eval,rgaf-transparent
18,circuit-breakers,implement,rgaf-safe
18,codecarbon,eval,rgaf-sustainable
18,compl-ai,eval,rgaf-safe
18,compl-ai,eval,rgaf-transparent
18,decodingtrust,eval,rgaf-safe
18,evidently,implement,rgaf-transparent
18,garak,eval,rgaf-safe
18,guardrailsai,implement,rgaf-safe
18,mct-model-optimization,eval,rgaf-sustainable
18,mot,eval,rgaf-transparent
18,mot,implement,rgaf-transparent
18,nemo-guardrails,implement,rgaf-safe
18,neural-compressor,eval,rgaf-sustainable
18,pair-code-lit,eval,rgaf-safe
18,pair-code-lit,eval,rgaf-transparent
18,pku-beaver,implement,rgaf-safe
18,project-moonshot,eval,rgaf-safe
18,project-moonshot,eval,rgaf-transparent
18,repe,implement,rgaf-transparent
18,trustllm,eval,rgaf-safe
18,trustllm,eval,rgaf-transparent
18,trustyai,eval,rgaf-safe
18,trustyai,eval,rgaf-transparent
18,trustyai,implement,rgaf-safe
18,trustyai,implement,rgaf-transparent
18,vgel-repeng,implement,rgaf-transparent
18,what-if-tool,eval,rgaf-transparent
19,ai-explainability-360,eval,rgaf-transparent
19,ai-explainability-360,implement,rgaf-transparent
19,aisev,eval,rgaf-transparent
19,amazon-sagemaker-clarify,eval,rgaf-transparent
19,compl-ai,eval,rgaf-transparent
19,evidently,implement,rgaf-transparent
19,mot,eval,rgaf-transparent
19,mot,implement,rgaf-transparent
19,pair-code-lit,eval,rgaf-transparent
19,project-moonshot,eval,rgaf-transparent
19,repe,implement,rgaf-transparent
19,trustllm,eval,rgaf-transparent
19,trustyai,eval,rgaf-transparent
19,trustyai,implement,rgaf-transparent
19,vgel-repeng,implement,rgaf-transparent
19,what-if-tool,eval,rgaf-transparent
20,adversarial-robustness-toolbox,eval,rgaf-safe
20,adversarial-robustness-toolbox,implement,rgaf-safe
20,aisev,eval,rgaf-safe
20,circuit-breakers,implement,rgaf-safe
20,compl-ai,eval,rgaf-safe
20,decodingtrust,eval,rgaf-safe
20,garak,eval,rgaf-safe
20,guardrailsai,implement,rgaf-safe
20,nemo-guardrails,implement,rgaf-safe
20,pair-code-lit,eval,rgaf-safe
20,pku-beaver,implement,rgaf-safe
20,project-moonshot,eval,rgaf-safe
20,trustllm,eval,rgaf-safe
20,trustyai,eval,rgaf-safe
20,trustyai,implement,rgaf-safe
21,ai-explainability-360,eval,rgaf-transparent
21,ai-explainability-360,implement,rgaf-transparent
21,aisev,eval,rgaf-transparent
21,amazon-sagemaker-clarify,eval,rgaf-transparent
21,compl-ai,eval,rgaf-transparent
21,evidently,implement,rgaf-transparent
21,mot,eval,rgaf-transparent
21,mot,implement,rgaf-transparent
21,pair-code-lit,eval,rgaf-transparent
21,project-moonshot,eval,rgaf-transparent
21,repe,implement,rgaf-transparent
21,trustllm,eval,rgaf-transparent
21,trustyai,eval,rgaf-transparent
21,trustyai,implement,rgaf-transparent
21,vgel-repeng,implement,rgaf-transparent
21,what-if-tool,eval,rgaf-transparent
23,ai-explainability-360,eval,rgaf-transparent
23,ai-explainability-360,implement,rgaf-transparent
23,aisev,eval,rgaf-transparent
23,amazon-sagemaker-clarify,eval,rgaf-transparent
23,compl-ai,eval,rgaf-transparent
23,evidently,implement,rgaf-transparent
23,mot,eval,rgaf-transparent
23,mot,implement,rgaf-transparent
23,pair-code-lit,eval,rgaf-transparent
23,project-moonshot,eval,rgaf-transparent
23,repe,implement,rgaf-transparent
23,trustllm,eval,rgaf-transparent
23,trustyai,eval,rgaf-transparent
23,trustyai,implement,rgaf-transparent
23,vgel-repeng,implement,rgaf-transparent
23,what-if-tool,eval,rgaf-transparent
24,ai-explainability-360,eval,rgaf-transparent
24,ai-explainability-360,implement,rgaf-transparent
24,aisev,eval,rgaf-transparent
24,amazon-sagemaker-clarify,eval,rgaf-transparent
24,compl-ai,eval,rgaf-transparent
24,evidently,implement,rgaf-transparent
24,mot,eval,rgaf-transparent
24,mot,implement,rgaf-transparent
24,pair-code-lit,eval,rgaf-transparent
24,project-moonshot,eval,rgaf-transparent
24,repe,implement,rgaf-transparent
24,trustllm,eval,rgaf-transparent
24,trustyai,eval,rgaf-transparent
24,trustyai,implement,rgaf-transparent
24,vgel-repeng,implement,rgaf-transparent
24,what-if-tool,eval,rgaf-transparent
26,aequitas,eval,rgaf-accessible
26,aisev,eval,rgaf-accessible
26,data-prep-kit,eval,rgaf-accessible
26,data-prep-kit,implement,rgaf-accessible
26,fairlearn,eval,rgaf-accessible
26,project-moonshot,eval,rgaf-accessible
26,trustllm,eval,rgaf-accessible
26,trustyai,eval,rgaf-accessible
26,trustyai,implement,rgaf-accessible
26,what-if-tool,eval,rgaf-accessible
28,codecarbon,eval,rgaf-sustainable
28,mct-model-optimization,eval,rgaf-sustainable
28,neural-compressor,eval,rgaf-sustainable
29,adversarial-robustness-toolbox,eval,rgaf-secure
29,aequitas,eval,rgaf-accessible
29,ai-explainability-360,eval,rgaf-transparent
29,ai-explainability-360,implement,rgaf-transparent
29,aisev,eval,rgaf-accessible
29,aisev,eval,rgaf-secure
29,aisev,eval,rgaf-transparent
29,amazon-sagemaker-clarify,eval,rgaf-transparent
29,compl-ai,eval,rgaf-secure
29,compl-ai,eval,rgaf-transparent
29,data-prep-kit,eval,rgaf-accessible
29,data-prep-kit,eval,rgaf-secure
29,data-prep-kit,implement,rgaf-accessible
29,data-prep-kit,implement,rgaf-secure
29,decodingtrust,eval,rgaf-secure
29,evidently,implement,rgaf-transparent
29,fairlearn,eval,rgaf-accessible
29,garak,eval,rgaf-secure
29,guardrailsai,implement,rgaf-secure
29,inspect,eval,rgaf-secure
29,ml-privacy-meter,eval,rgaf-secure
29,mot,eval,rgaf-transparent
29,mot,implement,rgaf-transparent
29,nemo-guardrails,implement,rgaf-secure
29,pair-code-lit,eval,rgaf-transparent
29,presidio,implement,rgaf-secure
29,project-moonshot,eval,rgaf-accessible
29,project-moonshot,eval,rgaf-secure
29,project-moonshot,eval,rgaf-transparent
29,repe,implement,rgaf-transparent
29,trustllm,eval,rgaf-accessible
29,trustllm,eval,rgaf-transparent
29,trustyai,eval,rgaf-accessible
29,trustyai,eval,rgaf-secure
29,trustyai,eval,rgaf-transparent
29,trustyai,implement,rgaf-accessible
29,trustyai,implement,rgaf-secure
29,trustyai,implement,rgaf-transparent
29,vgel-repeng,implement,rgaf-transparent
29,what-if-tool,eval,rgaf-accessible
29,what-if-tool,eval,rgaf-transparent
30,adversarial-robustness-toolbox,eval,rgaf-secure
30,aequitas,eval,rgaf-accessible
30,aisev,eval,rgaf-accessible
30,aisev,eval,rgaf-secure
30,compl-ai,eval,rgaf-secure
30,data-prep-kit,eval,rgaf-accessible
30,data-prep-kit,eval,rgaf-secure
30,data-prep-kit,implement,rgaf-accessible
30,data-prep-kit,implement,rgaf-secure
30,decodingtrust,eval,rgaf-secure
30,fairlearn,eval,rgaf-accessible
30,garak,eval,rgaf-secure
30,guardrailsai,implement,rgaf-secure
30,inspect,eval,rgaf-secure
30,ml-privacy-meter,eval,rgaf-secure
30,nemo-guardrails,implement,rgaf-secure
30,presidio,implement,rgaf-secure
30,project-moonshot,eval,rgaf-accessible
30,project-moonshot,eval,rgaf-secure
30,trustllm,eval,rgaf-accessible
30,trustyai,eval,rgaf-accessible
30,trustyai,eval,rgaf-secure
30,trustyai,implement,rgaf-accessible
30,trustyai,implement,rgaf-secure
30,what-if-tool,eval,rgaf-accessible
31,adversarial-robustness-toolbox,eval,rgaf-safe
31,adversarial-robustness-toolbox,implement,rgaf-safe
31,aisev,eval,rgaf-safe
31,circuit-breakers,implement,rgaf-safe
31,compl-ai,eval,rgaf-safe
31,decodingtrust,eval,rgaf-safe
31,garak,eval,rgaf-safe
31,guardrailsai,implement,rgaf-safe
31,nemo-guardrails,implement,rgaf-safe
31,pair-code-lit,eval,rgaf-safe
31,pku-beaver,implement,rgaf-safe
31,project-moonshot,eval,rgaf-safe
31,trustllm,eval,rgaf-safe
31,trustyai,eval,rgaf-safe
31,trustyai,implement,rgaf-safe
32,adversarial-robustness-toolbox,eval,rgaf-secure
32,ai-explainability-360,eval,rgaf-transparent
32,ai-explainability-360,implement,rgaf-transparent
32,aisev,eval,rgaf-secure
32,aisev,eval,rgaf-transparent
32,amazon-sagemaker-clarify,eval,rgaf-transparent
32,compl-ai,eval,rgaf-secure
32,compl-ai,eval,rgaf-transparent
32,data-prep-kit,eval,rgaf-secure
32,data-prep-kit,implement,rgaf-secure
32,decodingtrust,eval,rgaf-secure
32,evidently,implement,rgaf-transparent
32,garak,eval,rgaf-secure
32,guardrailsai,implement,rgaf-secure
32,inspect,eval,rgaf-secure
32,ml-privacy-meter,eval,rgaf-secure
32,mot,eval,rgaf-transparent
32,mot,implement,rgaf-transparent
32,nemo-guardrails,implement,rgaf-secure
32,pair-code-lit,eval,rgaf-transparent
32,presidio,implement,rgaf-secure
32,project-moonshot,eval,rgaf-secure
32,project-moonshot,eval,rgaf-transparent
32,repe,implement,rgaf-transparent
32,trustllm,eval,rgaf-transparent
32,trustyai,eval,rgaf-secure
32,trustyai,eval,rgaf-transparent
32,trustyai,implement,rgaf-secure
32,trustyai,implement,rgaf-transparent
32,vgel-repeng,implement,rgaf-transparent
32,what-if-tool,eval,rgaf-transparent
33,aequitas,eval,rgaf-fair
33,aif360,eval,rgaf-fair
33,aif360,implement,rgaf-fair
33,aisev,eval,rgaf-fair
33,amazon-sagemaker-clarify,eval,rgaf-fair
33,codecarbon,eval,rgaf-sustainable
33,compl-ai,eval,rgaf-fair
33,data-prep-kit,eval,rgaf-fair
33,data-prep-kit,implement,rgaf-fair
33,decodingtrust,eval,rgaf-fair
33,fairlearn,eval,rgaf-fair
33,fairlearn,implement,rgaf-fair
33,inspect,eval,rgaf-fair
33,mct-model-optimization,eval,rgaf-sustainable
33,neural-compressor,eval,rgaf-sustainable
33,pair-code-lit,eval,rgaf-fair
33,project-moonshot,eval,rgaf-fair
33,trustyai,eval,rgaf-fair
33,what-if-tool,eval,rgaf-fair
34,codecarbon,eval,rgaf-sustainable
34,mct-model-optimization,eval,rgaf-sustainable
34,neural-compressor,eval,rgaf-sustainable
35,codecarbon,eval,rgaf-sustainable
35,mct-model-optimization,eval,rgaf-sustainable
35,neural-compressor,eval,rgaf-sustainable
36,aequitas,eval,rgaf-accessible
36,ai-explainability-360,eval,rgaf-transparent
36,ai-explainability-360,implement,rgaf-transparent
36,aisev,eval,rgaf-accessible
36,aisev,eval,rgaf-transparent
36,amazon-sagemaker-clarify,eval,rgaf-transparent
36,compl-ai,eval,rgaf-transparent
36,data-prep-kit,eval,rgaf-accessible
36,data-prep-kit,implement,rgaf-accessible
36,evidently,implement,rgaf-transparent
36,fairlearn,eval,rgaf-accessible
36,mot,eval,rgaf-transparent
36,mot,implement,rgaf-transparent
36,pair-code-lit,eval,rgaf-transparent
36,project-moonshot,eval,rgaf-accessible
36,project-moonshot,eval,rgaf-transparent
36,repe,implement,rgaf-transparent
36,trustllm,eval,rgaf-accessible
36,trustllm,eval,rgaf-transparent
36,trustyai,eval,rgaf-accessible
36,trustyai,eval,rgaf-transparent
36,trustyai,implement,rgaf-accessible
36,trustyai,implement,rgaf-transparent
36,vgel-repeng,implement,rgaf-transparent
36,what-if-tool,eval,rgaf-accessible
36,what-if-tool,eval,rgaf-transparent
37,aequitas,eval,rgaf-accessible
37,aisev,eval,rgaf-accessible
37,data-prep-kit,eval,rgaf-accessible
37,data-prep-kit,implement,rgaf-accessible
37,fairlearn,eval,rgaf-accessible
37,project-moonshot,eval,rgaf-accessible
37,trustllm,eval,rgaf-accessible
37,trustyai,eval,rgaf-accessible
37,trustyai,implement,rgaf-accessible
37,what-if-tool,eval,rgaf-accessible
38,aequitas,eval,rgaf-accessible
38,aisev,eval,rgaf-accessible
38,data-prep-kit,eval,rgaf-accessible
38,data-prep-kit,implement,rgaf-accessible
38,fairlearn,eval,rgaf-accessible
38,project-moonshot,eval,rgaf-accessible
38,trustllm,eval,rgaf-accessible
38,trustyai,eval,rgaf-accessible
38,trustyai,implement,rgaf-accessible
38,what-if-tool,eval,rgaf-accessible
39,adversarial-robustness-toolbox,eval,rgaf-safe
39,adversarial-robustness-toolbox,implement,rgaf-safe
39,aequitas,eval,rgaf-accessible
39,ai-explainability-360,eval,rgaf-transparent
39,ai-explainability-360,implement,rgaf-transparent
39,aisev,eval,rgaf-accessible
39,aisev,eval,rgaf-safe
39,aisev,eval,rgaf-transparent
39,amazon-sagemaker-clarify,eval,rgaf-transparent
39,circuit-breakers,implement,rgaf-safe
39,compl-ai,eval,rgaf-safe
39,compl-ai,eval,rgaf-transparent
39,data-prep-kit,eval,rgaf-accessible
39,data-prep-kit,implement,rgaf-accessible
39,decodingtrust,eval,rgaf-safe
39,evidently,implement,rgaf-transparent
39,fairlearn,eval,rgaf-accessible
39,garak,eval,rgaf-safe
39,guardrailsai,implement,rgaf-safe
39,mot,eval,rgaf-transparent
39,mot,implement,rgaf-transparent
39,nemo-guardrails,implement,rgaf-safe
39,pair-code-lit,eval,rgaf-safe
39,pair-code-lit,eval,rgaf-transparent
39,pku-beaver,implement,rgaf-safe
39,project-moonshot,eval,rgaf-accessible
39,project-moonshot,eval,rgaf-safe
39,project-moonshot,eval,rgaf-transparent
39,repe,implement,rgaf-transparent
39,trustllm,eval,rgaf-accessible
39,trustllm,eval,rgaf-safe
39,trustllm,eval,rgaf-transparent
39,trustyai,eval,rgaf-accessible
39,trustyai,eval,rgaf-safe
39,trustyai,eval,rgaf-transparent
39,trustyai,implement,rgaf-accessible
39,trustyai,implement,rgaf-safe
39,trustyai,implement,rgaf-transparent
39,vgel-repeng,implement,rgaf-transparent
39,what-if-tool,eval,rgaf-accessible
39,what-if-tool,eval,rgaf-transparent
40,adversarial-robustness-toolbox,eval,rgaf-secure
40,aisev,eval,rgaf-secure
40,compl-ai,eval,rgaf-secure
40,data-prep-kit,eval,rgaf-secure
40,data-prep-kit,implement,rgaf-secure
40,decodingtrust,eval,rgaf-secure
40,garak,eval,rgaf-secure
40,guardrailsai,implement,rgaf-secure
40,inspect,eval,rgaf-secure
40,ml-privacy-meter,eval,rgaf-secure
40,nemo-guardrails,implement,rgaf-secure
40,presidio,implement,rgaf-secure
40,project-moonshot,eval,rgaf-secure
40,trustyai,eval,rgaf-secure
40,trustyai,implement,rgaf-secure
41,aequitas,eval,rgaf-accessible
41,aisev,eval,rgaf-accessible
41,aisev,eval,rgaf-human-centred
41,circuit-breakers,implement,rgaf-human-centred
41,compl-ai,eval,rgaf-human-centred
41,data-prep-kit,eval,rgaf-accessible
41,data-prep-kit,implement,rgaf-accessible
41,decodingtrust,eval,rgaf-human-centred
41,evidently,implement,rgaf-accountable
41,fairlearn,eval,rgaf-accessible
41,heartbench,eval,rgaf-human-centred
41,inspect,eval,rgaf-human-centred
41,memalign,implement,rgaf-human-centred
41,pku-beaver,implement,rgaf-human-centred
41,project-moonshot,eval,rgaf-accessible
41,project-moonshot,eval,rgaf-human-centred
41,trustllm,eval,rgaf-accessible
41,trustllm,eval,rgaf-human-centred
41,trustyai,eval,rgaf-accessible
41,trustyai,eval,rgaf-accountable
41,trustyai,eval,rgaf-human-centred
41,trustyai,implement,rgaf-accessible
41,trustyai,implement,rgaf-accountable
41,trustyai,implement,rgaf-human-centred
41,what-if-tool,eval,rgaf-accessible
42,adversarial-robustness-toolbox,eval,rgaf-secure
42,aisev,eval,rgaf-secure
42,compl-ai,eval,rgaf-secure
42,data-prep-kit,eval,rgaf-secure
42,data-prep-kit,implement,rgaf-secure
42,decodingtrust,eval,rgaf-secure
42,garak,eval,rgaf-secure
42,guardrailsai,implement,rgaf-secure
42,inspect,eval,rgaf-secure
42,ml-privacy-meter,eval,rgaf-secure
42,nemo-guardrails,implement,rgaf-secure
42,presidio,implement,rgaf-secure
42,project-moonshot,eval,rgaf-secure
42,trustyai,eval,rgaf-secure
42,trustyai,implement,rgaf-secure
43,adversarial-robustness-toolbox,eval,rgaf-secure
43,aisev,eval,rgaf-human-centred
43,aisev,eval,rgaf-secure
43,circuit-breakers,implement,rgaf-human-centred
43,compl-ai,eval,rgaf-human-centred
43,compl-ai,eval,rgaf-secure
43,data-prep-kit,eval,rgaf-secure
43,data-prep-kit,implement,rgaf-secure
43,decodingtrust,eval,rgaf-human-centred
43,decodingtrust,eval,rgaf-secure
43,garak,eval,rgaf-secure
43,guardrailsai,implement,rgaf-secure
43,heartbench,eval,rgaf-human-centred
43,inspect,eval,rgaf-human-centred
43,inspect,eval,rgaf-secure
43,memalign,implement,rgaf-human-centred
43,ml-privacy-meter,eval,rgaf-secure
43,nemo-guardrails,implement,rgaf-secure
43,pku-beaver,implement,rgaf-human-centred
43,presidio,implement,rgaf-secure
43,project-moonshot,eval,rgaf-human-centred
43,project-moonshot,eval,rgaf-secure
43,trustllm,eval,rgaf-human-centred
43,trustyai,eval,rgaf-human-centred
43,trustyai,eval,rgaf-secure
43,trustyai,implement,rgaf-human-centred
43,trustyai,implement,rgaf-secure
44,adversarial-robustness-toolbox,eval,rgaf-secure
44,aisev,eval,rgaf-secure
44,compl-ai,eval,rgaf-secure
44,data-prep-kit,eval,rgaf-secure
44,data-prep-kit,implement,rgaf-secure
44,decodingtrust,eval,rgaf-secure
44,garak,eval,rgaf-secure
44,guardrailsai,implement,rgaf-secure
44,inspect,eval,rgaf-secure
44,ml-privacy-meter,eval,rgaf-secure
44,nemo-guardrails,implement,rgaf-secure
44,presidio,implement,rgaf-secure
44,project-moonshot,eval,rgaf-secure
44,trustyai,eval,rgaf-secure
44,trustyai,implement,rgaf-secure
45,adversarial-robustness-toolbox,eval,rgaf-secure
45,aisev,eval,rgaf-secure
45,compl-ai,eval,rgaf-secure
45,data-prep-kit,eval,rgaf-secure
45,data-prep-kit,implement,rgaf-secure
45,decodingtrust,eval,rgaf-secure
45,garak,eval,rgaf-secure
45,guardrailsai,implement,rgaf-secure
45,inspect,eval,rgaf-secure
45,ml-privacy-meter,eval,rgaf-secure
45,nemo-guardrails,implement,rgaf-secure
45,presidio,implement,rgaf-secure
45,project-moonshot,eval,rgaf-secure
45,trustyai,eval,rgaf-secure
45,trustyai,implement,rgaf-secure
46,adversarial-robustness-toolbox,eval,rgaf-safe
46,adversarial-robustness-toolbox,implement,rgaf-safe
46,aisev,eval,rgaf-safe
46,circuit-breakers,implement,rgaf-safe
46,compl-ai,eval,rgaf-safe
46,decodingtrust,eval,rgaf-safe
46,garak,eval,rgaf-safe
46,guardrailsai,implement,rgaf-safe
46,nemo-guardrails,implement,rgaf-safe
46,pair-code-lit,eval,rgaf-safe
46,pku-beaver,implement,rgaf-safe
46,project-moonshot,eval,rgaf-safe
46,trustllm,eval,rgaf-safe
46,trustyai,eval,rgaf-safe
46,trustyai,implement,rgaf-safe
47,adversarial-robustness-toolbox,eval,rgaf-secure
47,aisev,eval,rgaf-secure
47,compl-ai,eval,rgaf-secure
47,data-prep-kit,eval,rgaf-secure
47,data-prep-kit,implement,rgaf-secure
47,decodingtrust,eval,rgaf-secure
47,garak,eval,rgaf-secure
47,guardrailsai,implement,rgaf-secure
47,inspect,eval,rgaf-secure
47,ml-privacy-meter,eval,rgaf-secure
47,nemo-guardrails,implement,rgaf-secure
47,presidio,implement,rgaf-secure
47,project-moonshot,eval,rgaf-secure
47,trustyai,eval,rgaf-secure
47,trustyai,implement,rgaf-secure
49,adversarial-robustness-toolbox,eval,rgaf-safe
49,adversarial-robustness-toolbox,implement,rgaf-safe
49,aisev,eval,rgaf-safe
49,circuit-breakers,implement,rgaf-safe
49,compl-ai,eval,rgaf-safe
49,decodingtrust,eval,rgaf-safe
49,garak,eval,rgaf-safe
49,guardrailsai,implement,rgaf-safe
49,nemo-guardrails,implement,rgaf-safe
49,pair-code-lit,eval,rgaf-safe
49,pku-beaver,implement,rgaf-safe
49,project-moonshot,eval,rgaf-safe
49,trustllm,eval,rgaf-safe
49,trustyai,eval,rgaf-safe
49,trustyai,implement,rgaf-safe
50,adversarial-robustness-toolbox,eval,rgaf-safe
50,adversarial-robustness-toolbox,implement,rgaf-safe
50,aisev,eval,rgaf-safe
50,circuit-breakers,implement,rgaf-safe
50,codecarbon,eval,rgaf-sustainable
50,compl-ai,eval,rgaf-safe
50,decodingtrust,eval,rgaf-safe
50,garak,eval,rgaf-safe
50,guardrailsai,implement,rgaf-safe
50,mct-model-optimization,eval,rgaf-sustainable
50,nemo-guardrails,implement,rgaf-safe
50,neural-compressor,eval,rgaf-sustainable
50,pair-code-lit,eval,rgaf-safe
50,pku-beaver,implement,rgaf-safe
50,project-moonshot,eval,rgaf-safe
50,trustllm,eval,rgaf-safe
50,trustyai,eval,rgaf-safe
50,trustyai,implement,rgaf-safe
51,codecarbon,eval,rgaf-sustainable
51,mct-model-optimization,eval,rgaf-sustainable
51,neural-compressor,eval,rgaf-sustainable
52,codecarbon,eval,rgaf-sustainable
52,mct-model-optimization,eval,rgaf-sustainable
52,neural-compressor,eval,rgaf-sustainable
53,codecarbon,eval,rgaf-sustainable
53,mct-model-optimization,eval,rgaf-sustainable
53,neural-compressor,eval,rgaf-sustainable
54,aequitas,eval,rgaf-accessible
54,aisev,eval,rgaf-accessible
54,data-prep-kit,eval,rgaf-accessible
54,data-prep-kit,implement,rgaf-accessible
54,fairlearn,eval,rgaf-accessible
54,project-moonshot,eval,rgaf-accessible
54,trustllm,eval,rgaf-accessible
54,trustyai,eval,rgaf-accessible
54,trustyai,implement,rgaf-accessible
54,what-if-tool,eval,rgaf-accessible
55,adversarial-robustness-toolbox,eval,rgaf-safe
55,adversarial-robustness-toolbox,implement,rgaf-safe
55,aisev,eval,rgaf-compliant
55,aisev,eval,rgaf-safe
55,circuit-breakers,implement,rgaf-safe
55,compl-ai,eval,rgaf-safe
55,decodingtrust,eval,rgaf-safe
55,evidently,implement,rgaf-accountable
55,garak,eval,rgaf-safe
55,guardrailsai,implement,rgaf-safe
55,nemo-guardrails,implement,rgaf-safe
55,pair-code-lit,eval,rgaf-safe
55,pku-beaver,implement,rgaf-safe
55,project-moonshot,eval,rgaf-safe
55,trustllm,eval,rgaf-compliant
55,trustllm,eval,rgaf-safe
55,trustyai,eval,rgaf-accountable
55,trustyai,eval,rgaf-compliant
55,trustyai,eval,rgaf-safe
55,trustyai,implement,rgaf-accountable
55,trustyai,implement,rgaf-compliant
55,trustyai,implement,rgaf-safe
57,evidently,implement,rgaf-accountable
57,trustyai,eval,rgaf-accountable
57,trustyai,implement,rgaf-accountable
58,adversarial-robustness-toolbox,eval,rgaf-safe
58,adversarial-robustness-toolbox,implement,rgaf-safe
58,aisev,eval,rgaf-safe
58,circuit-breakers,implement,rgaf-safe
58,compl-ai,eval,rgaf-safe
58,decodingtrust,eval,rgaf-safe
58,garak,eval,rgaf-safe
58,guardrailsai,implement,rgaf-safe
58,nemo-guardrails,implement,rgaf-safe
58,pair-code-lit,eval,rgaf-safe
58,pku-beaver,implement,rgaf-safe
58,project-moonshot,eval,rgaf-safe
58,trustllm,eval,rgaf-safe
58,trustyai,eval,rgaf-safe
58,trustyai,implement,rgaf-safe
59,ai-explainability-360,eval,rgaf-transparent
59,ai-explainability-360,implement,rgaf-transparent
59,aisev,eval,rgaf-human-centred
59,aisev,eval,rgaf-transparent
59,amazon-sagemaker-clarify,eval,rgaf-transparent
59,circuit-breakers,implement,rgaf-human-centred
59,compl-ai,eval,rgaf-human-centred
59,compl-ai,eval,rgaf-transparent
59,decodingtrust,eval,rgaf-human-centred
59,evidently,implement,rgaf-transparent
59,heartbench,eval,rgaf-human-centred
59,inspect,eval,rgaf-human-centred
59,memalign,implement,rgaf-human-centred
59,mot,eval,rgaf-transparent
59,mot,implement,rgaf-transparent
59,pair-code-lit,eval,rgaf-transparent
59,pku-beaver,implement,rgaf-human-centred
59,project-moonshot,eval,rgaf-human-centred
59,project-moonshot,eval,rgaf-transparent
59,repe,implement,rgaf-transparent
59,trustllm,eval,rgaf-human-centred
59,trustllm,eval,rgaf-transparent
59,trustyai,eval,rgaf-human-centred
59,trustyai,eval,rgaf-transparent
59,trustyai,implement,rgaf-human-centred
59,trustyai,implement,rgaf-transparent
59,vgel-repeng,implement,rgaf-transparent
59,what-if-tool,eval,rgaf-transparent
62,aisev,eval,rgaf-compliant
62,evidently,implement,rgaf-accountable
62,trustllm,eval,rgaf-compliant
62,trustyai,eval,rgaf-accountable
62,trustyai,eval,rgaf-compliant
62,trustyai,implement,rgaf-accountable
62,trustyai,implement,rgaf-compliant
63,ai-explainability-360,eval,rgaf-transparent
63,ai-explainability-360,implement,rgaf-transparent
63,aisev,eval,rgaf-transparent
63,amazon-sagemaker-clarify,eval,rgaf-transparent
63,compl-ai,eval,rgaf-transparent
63,evidently,implement,rgaf-transparent
63,mot,eval,rgaf-transparent
63,mot,implement,rgaf-transparent
63,pair-code-lit,eval,rgaf-transparent
63,project-moonshot,eval,rgaf-transparent
63,repe,implement,rgaf-transparent
63,trustllm,eval,rgaf-transparent
63,trustyai,eval,rgaf-transparent
63,trustyai,implement,rgaf-transparent
63,vgel-repeng,implement,rgaf-transparent
63,what-if-tool,eval,rgaf-transparent
64,adversarial-robustness-toolbox,eval,rgaf-safe
64,adversarial-robustness-toolbox,implement,rgaf-safe
64,ai-explainability-360,eval,rgaf-transparent
64,ai-explainability-360,implement,rgaf-transparent
64,aisev,eval,rgaf-safe
64,aisev,eval,rgaf-transparent
64,amazon-sagemaker-clarify,eval,rgaf-transparent
64,circuit-breakers,implement,rgaf-safe
64,compl-ai,eval,rgaf-safe
64,compl-ai,eval,rgaf-transparent
64,decodingtrust,eval,rgaf-safe
64,evidently,implement,rgaf-transparent
64,garak,eval,rgaf-safe
64,guardrailsai,implement,rgaf-safe
64,mot,eval,rgaf-transparent
64,mot,implement,rgaf-transparent
64,nemo-guardrails,implement,rgaf-safe
64,pair-code-lit,eval,rgaf-safe
64,pair-code-lit,eval,rgaf-transparent
64,pku-beaver,implement,rgaf-safe
64,project-moonshot,eval,rgaf-safe
64,project-moonshot,eval,rgaf-transparent
64,repe,implement,rgaf-transparent
64,trustllm,eval,rgaf-safe
64,trustllm,eval,rgaf-transparent
64,trustyai,eval,rgaf-safe
64,trustyai,eval,rgaf-transparent
64,trustyai,implement,rgaf-safe
64,trustyai,implement,rgaf-transparent
64,vgel-repeng,implement,rgaf-transparent
64,what-if-tool,eval,rgaf-transparent
65,adversarial-robustness-toolbox,eval,rgaf-safe
65,adversarial-robustness-toolbox,implement,rgaf-safe
65,aisev,eval,rgaf-safe
65,circuit-breakers,implement,rgaf-safe
65,compl-ai,eval,rgaf-safe
65,decodingtrust,eval,rgaf-safe
65,garak,eval,rgaf-safe
65,guardrailsai,implement,rgaf-safe
65,nemo-guardrails,implement,rgaf-safe
65,pair-code-lit,eval,rgaf-safe
65,pku-beaver,implement,rgaf-safe
65,project-moonshot,eval,rgaf-safe
65,trustllm,eval,rgaf-safe
65,trustyai,eval,rgaf-safe
65,trustyai,implement,rgaf-safe
66,adversarial-robustness-toolbox,eval,rgaf-secure
66,aisev,eval,rgaf-secure
66,compl-ai,eval,rgaf-secure
66,data-prep-kit,eval,rgaf-secure
66,data-prep-kit,implement,rgaf-secure
66,decodingtrust,eval,rgaf-secure
66,garak,eval,rgaf-secure
66,guardrailsai,implement,rgaf-secure
66,inspect,eval,rgaf-secure
66,ml-privacy-meter,eval,rgaf-secure
66,nemo-guardrails,implement,rgaf-secure
66,presidio,implement,rgaf-secure
66,project-moonshot,eval,rgaf-secure
66,trustyai,eval,rgaf-secure
66,trustyai,implement,rgaf-secure
67,adversarial-robustness-toolbox,eval,rgaf-safe
67,adversarial-robustness-toolbox,implement,rgaf-safe
67,ai-explainability-360,eval,rgaf-transparent
67,ai-explainability-360,implement,rgaf-transparent
67,aisev,eval,rgaf-safe
67,aisev,eval,rgaf-transparent
67,amazon-sagemaker-clarify,eval,rgaf-transparent
67,circuit-breakers,implement,rgaf-safe
67,compl-ai,eval,rgaf-safe
67,compl-ai,eval,rgaf-transparent
67,decodingtrust,eval,rgaf-safe
67,evidently,implement,rgaf-transparent
67,garak,eval,rgaf-safe
67,guardrailsai,implement,rgaf-safe
67,mot,eval,rgaf-transparent
67,mot,implement,rgaf-transparent
67,nemo-guardrails,implement,rgaf-safe
67,pair-code-lit,eval,rgaf-safe
67,pair-code-lit,eval,rgaf-transparent
67,pku-beaver,implement,rgaf-safe
67,project-moonshot,eval,rgaf-safe
67,project-moonshot,eval,rgaf-transparent
67,repe,implement,rgaf-transparent
67,trustllm,eval,rgaf-safe
67,trustllm,eval,rgaf-transparent
67,trustyai,eval,rgaf-safe
67,trustyai,eval,rgaf-transparent
67,trustyai,implement,rgaf-safe
67,trustyai,implement,rgaf-transparent
67,vgel-repeng,implement,rgaf-transparent
67,what-if-tool,eval,rgaf-transparent
68,ai-explainability-360,eval,rgaf-transparent
68,ai-explainability-360,implement,rgaf-transparent
68,aisev,eval,rgaf-transparent
68,amazon-sagemaker-clarify,eval,rgaf-transparent
68,compl-ai,eval,rgaf-transparent
68,evidently,implement,rgaf-transparent
68,mot,eval,rgaf-transparent
68,mot,implement,rgaf-transparent
68,pair-code-lit,eval,rgaf-transparent
68,project-moonshot,eval,rgaf-transparent
68,repe,implement,rgaf-transparent
68,trustllm,eval,rgaf-transparent
68,trustyai,eval,rgaf-transparent
68,trustyai,implement,rgaf-transparent
68,vgel-repeng,implement,rgaf-transparent
68,what-if-tool,eval,rgaf-transparent
69,adversarial-robustness-toolbox,eval,rgaf-safe
69,adversarial-robustness-toolbox,implement,rgaf-safe
69,ai-explainability-360,eval,rgaf-transparent
69,ai-explainability-360,implement,rgaf-transparent
69,aisev,eval,rgaf-safe
69,aisev,eval,rgaf-transparent
69,amazon-sagemaker-clarify,eval,rgaf-transparent
69,circuit-breakers,implement,rgaf-safe
69,compl-ai,eval,rgaf-safe
69,compl-ai,eval,rgaf-transparent
69,decodingtrust,eval,rgaf-safe
69,evidently,implement,rgaf-transparent
69,garak,eval,rgaf-safe
69,guardrailsai,implement,rgaf-safe
69,mot,eval,rgaf-transparent
69,mot,implement,rgaf-transparent
69,nemo-guardrails,implement,rgaf-safe
69,pair-code-lit,eval,rgaf-safe
69,pair-code-lit,eval,rgaf-transparent
69,pku-beaver,implement,rgaf-safe
69,project-moonshot,eval,rgaf-safe
69,project-moonshot,eval,rgaf-transparent
69,repe,implement,rgaf-transparent
69,trustllm,eval,rgaf-safe
69,trustllm,eval,rgaf-transparent
69,trustyai,eval,rgaf-safe
69,trustyai,eval,rgaf-transparent
69,trustyai,implement,rgaf-safe
69,trustyai,implement,rgaf-transparent
69,vgel-repeng,implement,rgaf-transparent
69,what-if-tool,eval,rgaf-transparent
70,adversarial-robustness-toolbox,eval,rgaf-safe
70,adversarial-robustness-toolbox,implement,rgaf-safe
70,aisev,eval,rgaf-safe
70,circuit-breakers,implement,rgaf-safe
70,compl-ai,eval,rgaf-safe
70,decodingtrust,eval,rgaf-safe
70,garak,eval,rgaf-safe
70,guardrailsai,implement,rgaf-safe
70,nemo-guardrails,implement,rgaf-safe
70,pair-code-lit,eval,rgaf-safe
70,pku-beaver,implement,rgaf-safe
70,project-moonshot,eval,rgaf-safe
70,trustllm,eval,rgaf-safe
70,trustyai,eval,rgaf-safe
70,trustyai,implement,rgaf-safe
71,adversarial-robustness-toolbox,eval,rgaf-safe
71,adversarial-robustness-toolbox,eval,rgaf-secure
71,adversarial-robustness-toolbox,implement,rgaf-safe
71,aisev,eval,rgaf-safe
71,aisev,eval,rgaf-secure
71,circuit-breakers,implement,rgaf-safe
71,codecarbon,eval,rgaf-sustainable
71,compl-ai,eval,rgaf-safe
71,compl-ai,eval,rgaf-secure
71,data-prep-kit,eval,rgaf-secure
71,data-prep-kit,implement,rgaf-secure
71,decodingtrust,eval,rgaf-safe
71,decodingtrust,eval,rgaf-secure
71,evidently,implement,rgaf-accountable
71,garak,eval,rgaf-safe
71,garak,eval,rgaf-secure
71,guardrailsai,implement,rgaf-safe
71,guardrailsai,implement,rgaf-secure
71,inspect,eval,rgaf-secure
71,mct-model-optimization,eval,rgaf-sustainable
71,ml-privacy-meter,eval,rgaf-secure
71,nemo-guardrails,implement,rgaf-safe
71,nemo-guardrails,implement,rgaf-secure
71,neural-compressor,eval,rgaf-sustainable
71,pair-code-lit,eval,rgaf-safe
71,pku-beaver,implement,rgaf-safe
71,presidio,implement,rgaf-secure
71,project-moonshot,eval,rgaf-safe
71,project-moonshot,eval,rgaf-secure
71,trustllm,eval,rgaf-safe
71,trustyai,eval,rgaf-accountable
71,trustyai,eval,rgaf-safe
71,trustyai,eval,rgaf-secure
71,trustyai,implement,rgaf-accountable
71,trustyai,implement,rgaf-safe
71,trustyai,implement,rgaf-secure
72,aisev,eval,rgaf-compliant
72,evidently,implement,rgaf-accountable
72,trustllm,eval,rgaf-compliant
72,trustyai,eval,rgaf-accountable
72,trustyai,eval,rgaf-compliant
72,trustyai,implement,rgaf-accountable
72,trustyai,implement,rgaf-compliant
73,adversarial-robustness-toolbox,eval,rgaf-safe
73,adversarial-robustness-toolbox,implement,rgaf-safe
73,aisev,eval,rgaf-safe
73,circuit-breakers,implement,rgaf-safe
73,compl-ai,eval,rgaf-safe
73,decodingtrust,eval,rgaf-safe
73,evidently,implement,rgaf-accountable
73,garak,eval,rgaf-safe
73,guardrailsai,implement,rgaf-safe
73,nemo-guardrails,implement,rgaf-safe
73,pair-code-lit,eval,rgaf-safe
73,pku-beaver,implement,rgaf-safe
73,project-moonshot,eval,rgaf-safe
73,trustllm,eval,rgaf-safe
73,trustyai,eval,rgaf-accountable
73,trustyai,eval,rgaf-safe
73,trustyai,implement,rgaf-accountable
73,trustyai,implement,rgaf-safe
74,adversarial-robustness-toolbox,eval,rgaf-secure
74,aisev,eval,rgaf-secure
74,codecarbon,eval,rgaf-sustainable
74,compl-ai,eval,rgaf-secure
74,data-prep-kit,eval,rgaf-secure
74,data-prep-kit,implement,rgaf-secure
74,decodingtrust,eval,rgaf-secure
74,garak,eval,rgaf-secure
74,guardrailsai,implement,rgaf-secure
74,inspect,eval,rgaf-secure
74,mct-model-optimization,eval,rgaf-sustainable
74,ml-privacy-meter,eval,rgaf-secure
74,nemo-guardrails,implement,rgaf-secure
74,neural-compressor,eval,rgaf-sustainable
74,presidio,implement,rgaf-secure
74,project-moonshot,eval,rgaf-secure
74,trustyai,eval,rgaf-secure
74,trustyai,implement,rgaf-secure
76,adversarial-robustness-toolbox,eval,rgaf-secure
76,aisev,eval,rgaf-secure
76,compl-ai,eval,rgaf-secure
76,data-prep-kit,eval,rgaf-secure
76,data-prep-kit,implement,rgaf-secure
76,decodingtrust,eval,rgaf-secure
76,garak,eval,rgaf-secure
76,guardrailsai,implement,rgaf-secure
76,inspect,eval,rgaf-secure
76,ml-privacy-meter,eval,rgaf-secure
76,nemo-guardrails,implement,rgaf-secure
76,presidio,implement,rgaf-secure
76,project-moonshot,eval,rgaf-secure
76,trustyai,eval,rgaf-secure
76,trustyai,implement,rgaf-secure
80,adversarial-robustness-toolbox,eval,rgaf-safe
80,adversarial-robustness-toolbox,eval,rgaf-secure
80,adversarial-robustness-toolbox,implement,rgaf-safe
80,ai-explainability-360,eval,rgaf-transparent
80,ai-explainability-360,implement,rgaf-transparent
80,aisev,eval,rgaf-safe
80,aisev,eval,rgaf-secure
80,aisev,eval,rgaf-transparent
80,amazon-sagemaker-clarify,eval,rgaf-transparent
80,circuit-breakers,implement,rgaf-safe
80,compl-ai,eval,rgaf-safe
80,compl-ai,eval,rgaf-secure
80,compl-ai,eval,rgaf-transparent
80,data-prep-kit,eval,rgaf-secure
80,data-prep-kit,implement,rgaf-secure
80,decodingtrust,eval,rgaf-safe
80,decodingtrust,eval,rgaf-secure
80,evidently,implement,rgaf-transparent
80,garak,eval,rgaf-safe
80,garak,eval,rgaf-secure
80,guardrailsai,implement,rgaf-safe
80,guardrailsai,implement,rgaf-secure
80,inspect,eval,rgaf-secure
80,ml-privacy-meter,eval,rgaf-secure
80,mot,eval,rgaf-transparent
80,mot,implement,rgaf-transparent
80,nemo-guardrails,implement,rgaf-safe
80,nemo-guardrails,implement,rgaf-secure
80,pair-code-lit,eval,rgaf-safe
80,pair-code-lit,eval,rgaf-transparent
80,pku-beaver,implement,rgaf-safe
80,presidio,implement,rgaf-secure
80,project-moonshot,eval,rgaf-safe
80,project-moonshot,eval,rgaf-secure
80,project-moonshot,eval,rgaf-transparent
80,repe,implement,rgaf-transparent
80,trustllm,eval,rgaf-safe
80,trustllm,eval,rgaf-transparent
80,trustyai,eval,rgaf-safe
80,trustyai,eval,rgaf-secure
80,trustyai,eval,rgaf-transparent
80,trustyai,implement,rgaf-safe
80,trustyai,implement,rgaf-secure
80,trustyai,implement,rgaf-transparent
80,vgel-repeng,implement,rgaf-transparent
80,what-if-tool,eval,rgaf-transparent
81,adversarial-robustness-toolbox,eval,rgaf-safe
81,adversarial-robustness-toolbox,implement,rgaf-safe
81,aisev,eval,rgaf-safe
81,circuit-breakers,implement,rgaf-safe
81,compl-ai,eval,rgaf-safe
81,decodingtrust,eval,rgaf-safe
81,garak,eval,rgaf-safe
81,guardrailsai,implement,rgaf-safe
81,nemo-guardrails,implement,rgaf-safe
81,pair-code-lit,eval,rgaf-safe
81,pku-beaver,implement,rgaf-safe
81,project-moonshot,eval,rgaf-safe
81,trustllm,eval,rgaf-safe
81,trustyai,eval,rgaf-safe
81,trustyai,implement,rgaf-safe
82,evidently,implement,rgaf-accountable
82,trustyai,eval,rgaf-accountable
82,trustyai,implement,rgaf-accountable
83,ai-explainability-360,eval,rgaf-transparent
83,ai-explainability-360,implement,rgaf-transparent
83,aisev,eval,rgaf-transparent
83,amazon-sagemaker-clarify,eval,rgaf-transparent
83,compl-ai,eval,rgaf-transparent
83,evidently,implement,rgaf-transparent
83,mot,eval,rgaf-transparent
83,mot,implement,rgaf-transparent
83,pair-code-lit,eval,rgaf-transparent
83,project-moonshot,eval,rgaf-transparent
83,repe,implement,rgaf-transparent
83,trustllm,eval,rgaf-transparent
83,trustyai,eval,rgaf-transparent
83,trustyai,implement,rgaf-transparent
83,vgel-repeng,implement,rgaf-transparent
83,what-if-tool,eval,rgaf-transparent
86,adversarial-robustness-toolbox,eval,rgaf-safe
86,adversarial-robustness-toolbox,implement,rgaf-safe
86,ai-explainability-360,eval,rgaf-transparent
86,ai-explainability-360,implement,rgaf-transparent
86,aisev,eval,rgaf-safe
86,aisev,eval,rgaf-transparent
86,amazon-sagemaker-clarify,eval,rgaf-transparent
86,circuit-breakers,implement,rgaf-safe
86,compl-ai,eval,rgaf-safe
86,compl-ai,eval,rgaf-transparent
86,decodingtrust,eval,rgaf-safe
86,evidently,implement,rgaf-transparent
86,garak,eval,rgaf-safe
86,guardrailsai,implement,rgaf-safe
86,mot,eval,rgaf-transparent
86,mot,implement,rgaf-transparent
86,nemo-guardrails,implement,rgaf-safe
86,pair-code-lit,eval,rgaf-safe
86,pair-code-lit,eval,rgaf-transparent
86,pku-beaver,implement,rgaf-safe
86,project-moonshot,eval,rgaf-safe
86,project-moonshot,eval,rgaf-transparent
86,repe,implement,rgaf-transparent
86,trustllm,eval,rgaf-safe
86,trustllm,eval,rgaf-transparent
86,trustyai,eval,rgaf-safe
86,trustyai,eval,rgaf-transparent
86,trustyai,implement,rgaf-safe
86,trustyai,implement,rgaf-transparent
86,vgel-repeng,implement,rgaf-transparent
86,what-if-tool,eval,rgaf-transparent
87,adversarial-robustness-toolbox,eval,rgaf-safe
87,adversarial-robustness-toolbox,implement,rgaf-safe
87,ai-explainability-360,eval,rgaf-transparent
87,ai-explainability-360,implement,rgaf-transparent
87,aisev,eval,rgaf-safe
87,aisev,eval,rgaf-transparent
87,amazon-sagemaker-clarify,eval,rgaf-transparent
87,circuit-breakers,implement,rgaf-safe
87,compl-ai,eval,rgaf-safe
87,compl-ai,eval,rgaf-transparent
87,decodingtrust,eval,rgaf-safe
87,evidently,implement,rgaf-transparent
87,garak,eval,rgaf-safe
87,guardrailsai,implement,rgaf-safe
87,mot,eval,rgaf-transparent
87,mot,implement,rgaf-transparent
87,nemo-guardrails,implement,rgaf-safe
87,pair-code-lit,eval,rgaf-safe
87,pair-code-lit,eval,rgaf-transparent
87,pku-beaver,implement,rgaf-safe
87,project-moonshot,eval,rgaf-safe
87,project-moonshot,eval,rgaf-transparent
87,repe,implement,rgaf-transparent
87,trustllm,eval,rgaf-safe
87,trustllm,eval,rgaf-transparent
87,trustyai,eval,rgaf-safe
87,trustyai,eval,rgaf-transparent
87,trustyai,implement,rgaf-safe
87,trustyai,implement,rgaf-transparent
87,vgel-repeng,implement,rgaf-transparent
87,what-if-tool,eval,rgaf-transparent
88,adversarial-robustness-toolbox,eval,rgaf-safe
88,adversarial-robustness-toolbox,implement,rgaf-safe
88,aisev,eval,rgaf-safe
88,circuit-breakers,implement,rgaf-safe
88,compl-ai,eval,rgaf-safe
88,decodingtrust,eval,rgaf-safe
88,garak,eval,rgaf-safe
88,guardrailsai,implement,rgaf-safe
88,nemo-guardrails,implement,rgaf-safe
88,pair-code-lit,eval,rgaf-safe
88,pku-beaver,implement,rgaf-safe
88,project-moonshot,eval,rgaf-safe
88,trustllm,eval,rgaf-safe
88,trustyai,eval,rgaf-safe
88,trustyai,implement,rgaf-safe
89,adversarial-robustness-toolbox,eval,rgaf-safe
89,adversarial-robustness-toolbox,implement,rgaf-safe
89,ai-explainability-360,eval,rgaf-transparent
89,ai-explainability-360,implement,rgaf-transparent
89,aisev,eval,rgaf-safe
89,aisev,eval,rgaf-transparent
89,amazon-sagemaker-clarify,eval,rgaf-transparent
89,circuit-breakers,implement,rgaf-safe
89,compl-ai,eval,rgaf-safe
89,compl-ai,eval,rgaf-transparent
89,decodingtrust,eval,rgaf-safe
89,evidently,implement,rgaf-transparent
89,garak,eval,rgaf-safe
89,guardrailsai,implement,rgaf-safe
89,mot,eval,rgaf-transparent
89,mot,implement,rgaf-transparent
89,nemo-guardrails,implement,rgaf-safe
89,pair-code-lit,eval,rgaf-safe
89,pair-code-lit,eval,rgaf-transparent
89,pku-beaver,implement,rgaf-safe
89,project-moonshot,eval,rgaf-safe
89,project-moonshot,eval,rgaf-transparent
89,repe,implement,rgaf-transparent
89,trustllm,eval,rgaf-safe
89,trustllm,eval,rgaf-transparent
89,trustyai,eval,rgaf-safe
89,trustyai,eval,rgaf-transparent
89,trustyai,implement,rgaf-safe
89,trustyai,implement,rgaf-transparent
89,vgel-repeng,implement,rgaf-transparent
89,what-if-tool,eval,rgaf-transparent
90,evidently,implement,rgaf-accountable
90,trustyai,eval,rgaf-accountable
90,trustyai,implement,rgaf-accountable
91,adversarial-robustness-toolbox,eval,rgaf-safe
91,adversarial-robustness-toolbox,implement,rgaf-safe
91,aisev,eval,rgaf-compliant
91,aisev,eval,rgaf-safe
91,circuit-breakers,implement,rgaf-safe
91,compl-ai,eval,rgaf-safe
91,decodingtrust,eval,rgaf-safe
91,garak,eval,rgaf-safe
91,guardrailsai,implement,rgaf-safe
91,nemo-guardrails,implement,rgaf-safe
91,pair-code-lit,eval,rgaf-safe
91,pku-beaver,implement,rgaf-safe
91,project-moonshot,eval,rgaf-safe
91,trustllm,eval,rgaf-compliant
91,trustllm,eval,rgaf-safe
91,trustyai,eval,rgaf-compliant
91,trustyai,eval,rgaf-safe
91,trustyai,implement,rgaf-compliant
91,trustyai,implement,rgaf-safe
92,adversarial-robustness-toolbox,eval,rgaf-safe
92,adversarial-robustness-toolbox,implement,rgaf-safe
92,ai-explainability-360,eval,rgaf-transparent
92,ai-explainability-360,implement,rgaf-transparent
92,aisev,eval,rgaf-safe
92,aisev,eval,rgaf-transparent
92,amazon-sagemaker-clarify,eval,rgaf-transparent
92,circuit-breakers,implement,rgaf-safe
92,compl-ai,eval,rgaf-safe
92,compl-ai,eval,rgaf-transparent
92,decodingtrust,eval,rgaf-safe
92,evidently,implement,rgaf-transparent
92,garak,eval,rgaf-safe
92,guardrailsai,implement,rgaf-safe
92,mot,eval,rgaf-transparent
92,mot,implement,rgaf-transparent
92,nemo-guardrails,implement,rgaf-safe
92,pair-code-lit,eval,rgaf-safe
92,pair-code-lit,eval,rgaf-transparent
92,pku-beaver,implement,rgaf-safe
92,project-moonshot,eval,rgaf-safe
92,project-moonshot,eval,rgaf-transparent
92,repe,implement,rgaf-transparent
92,trustllm,eval,rgaf-safe
92,trustllm,eval,rgaf-transparent
92,trustyai,eval,rgaf-safe
92,trustyai,eval,rgaf-transparent
92,trustyai,implement,rgaf-safe
92,trustyai,implement,rgaf-transparent
92,vgel-repeng,implement,rgaf-transparent
92,what-if-tool,eval,rgaf-transparent
93,ai-explainability-360,eval,rgaf-transparent
93,ai-explainability-360,implement,rgaf-transparent
93,aisev,eval,rgaf-compliant
93,aisev,eval,rgaf-transparent
93,amazon-sagemaker-clarify,eval,rgaf-transparent
93,compl-ai,eval,rgaf-transparent
93,evidently,implement,rgaf-transparent
93,mot,eval,rgaf-transparent
93,mot,implement,rgaf-transparent
93,pair-code-lit,eval,rgaf-transparent
93,project-moonshot,eval,rgaf-transparent
93,repe,implement,rgaf-transparent
93,trustllm,eval,rgaf-compliant
93,trustllm,eval,rgaf-transparent
93,trustyai,eval,rgaf-compliant
93,trustyai,eval,rgaf-transparent
93,trustyai,implement,rgaf-compliant
93,trustyai,implement,rgaf-transparent
93,vgel-repeng,implement,rgaf-transparent
93,what-if-tool,eval,rgaf-transparent
94,adversarial-robustness-toolbox,eval,rgaf-safe
94,adversarial-robustness-toolbox,implement,rgaf-safe
94,aisev,eval,rgaf-safe
94,circuit-breakers,implement,rgaf-safe
94,compl-ai,eval,rgaf-safe
94,decodingtrust,eval,rgaf-safe
94,garak,eval,rgaf-safe
94,guardrailsai,implement,rgaf-safe
94,nemo-guardrails,implement,rgaf-safe
94,pair-code-lit,eval,rgaf-safe
94,pku-beaver,implement,rgaf-safe
94,project-moonshot,eval,rgaf-safe
94,trustllm,eval,rgaf-safe
94,trustyai,eval,rgaf-safe
94,trustyai,implement,rgaf-safe
97,codecarbon,eval,rgaf-sustainable
97,mct-model-optimization,eval,rgaf-sustainable
97,neural-compressor,eval,rgaf-sustainable
98,codecarbon,eval,rgaf-sustainable
98,mct-model-optimization,eval,rgaf-sustainable
98,neural-compressor,eval,rgaf-sustainable
